PRAGMA foreign_keys=OFF;
BEGIN TRANSACTION;
CREATE TABLE `users` (`id` INTEGER PRIMARY KEY AUTOINCREMENT, `username` TEXT NOT NULL UNIQUE, `email` TEXT NOT NULL UNIQUE, `password` TEXT NOT NULL, `permission` TEXT, `salt` TEXT NOT NULL, `createdAt` DATETIME NOT NULL, `updatedAt` DATETIME NOT NULL);
INSERT INTO users VALUES(1,'logan','logan@gmail.com',X'c097c4454af7c2468db767be179feeaee6a5920f99ca19e48959b020280cbf5f',NULL,X'ea167cc8215089c730222bea4fadb12d','2023-04-23 19:16:52.335 +00:00','2023-04-23 19:16:52.335 +00:00');
INSERT INTO users VALUES(2,'manjesh','manjeshpuram@gmail.com',X'8d7e71266898e1f939f7b281e3768cbcde9c50f778135a8a8c60bdc2b3b6994c',NULL,X'3b4be6997fcdd431b035edefe84bca09','2023-04-23 19:53:53.895 +00:00','2023-04-23 19:53:53.895 +00:00');
INSERT INTO users VALUES(3,'matthew','matthew@wsu.edu',X'f80958c3910801e8f8033ce5a8c7b504b89dd9fb7475e370e8390b5c051da2eb',NULL,X'f705b817a5bdf773da843c2f2da418c6','2023-04-23 20:08:57.898 +00:00','2023-04-23 20:08:57.898 +00:00');
INSERT INTO users VALUES(4,'jerry','jeremiah9020@gmail.com',X'f6e43d8241d579e57795ed4fe2f294778b412cd867d4c3adc39a88d2a2257d53',NULL,X'334f46bcdea9da3bf75d67dc7b2106cf','2023-04-23 20:21:11.226 +00:00','2023-04-23 20:21:11.226 +00:00');
CREATE TABLE `UserProfiles` (`userid` INTEGER PRIMARY KEY, `username` TEXT NOT NULL UNIQUE, `profilepicture` TEXT, `profilebanner` TEXT, `description` TEXT, `createdAt` DATETIME NOT NULL, `updatedAt` DATETIME NOT NULL);
INSERT INTO UserProfiles VALUES(1,'logan','5ae24706-713c-4348-bab7-0ec1e8a9663a.png','59584fef-cbf1-4198-9a84-ea6ef134b232.jpg','The king of cooks','2023-04-23 19:16:52.372 +00:00','2023-04-23 19:30:18.228 +00:00');
INSERT INTO UserProfiles VALUES(2,'manjesh','c1ddfaf6-12d9-4e2e-b815-82b78081cc47.jpg',NULL,NULL,'2023-04-23 19:53:53.910 +00:00','2023-04-23 19:54:22.408 +00:00');
INSERT INTO UserProfiles VALUES(3,'matthew','7138b067-8077-4569-9745-17e14b98fe34.JPG','853150bd-428d-42e2-b4f6-da37f76aabdd.jpg','Making good food from the start!!','2023-04-23 20:08:57.919 +00:00','2023-04-23 20:14:49.472 +00:00');
INSERT INTO UserProfiles VALUES(4,'jerry','caaf96d5-4a8c-4d60-a007-743e7b32e07e.jpeg','3a5d4e6b-2a3d-48e8-ba98-c395f0bb8cd3.jpg',replace(replace('Roses are red,\r\nViolets are blue,\r\nI am far better\r\nof a chef than you','\r',char(13)),'\n',char(10)),'2023-04-23 20:21:11.230 +00:00','2023-04-23 20:23:41.409 +00:00');
CREATE TABLE `Cookbooks` (`id` INTEGER PRIMARY KEY AUTOINCREMENT, `userid` INTEGER NOT NULL, `cookbookname` TEXT NOT NULL, `recipes` TEXT, `createdAt` DATETIME NOT NULL, `updatedAt` DATETIME NOT NULL);
INSERT INTO Cookbooks VALUES(1,1,'default','3:2:1:null','2023-04-23 19:16:52.392 +00:00','2023-04-23 19:29:07.638 +00:00');
INSERT INTO Cookbooks VALUES(2,2,'default','5:4:null','2023-04-23 19:53:53.919 +00:00','2023-04-23 20:02:10.332 +00:00');
INSERT INTO Cookbooks VALUES(3,3,'default','7:6:null','2023-04-23 20:08:57.932 +00:00','2023-04-23 20:12:35.708 +00:00');
INSERT INTO Cookbooks VALUES(4,4,'default','9:8:null','2023-04-23 20:21:11.231 +00:00','2023-04-23 20:32:42.824 +00:00');
CREATE TABLE `Comments` (`id` INTEGER PRIMARY KEY AUTOINCREMENT, `comment` TEXT NOT NULL, `username` TEXT NOT NULL, `userid` INTEGER NOT NULL, `recipeid` INTEGER NOT NULL, `createdAt` DATETIME NOT NULL, `updatedAt` DATETIME NOT NULL);
INSERT INTO Comments VALUES(1,'Great Recipe!','jerry',4,7,'2023-04-23 20:33:27.907 +00:00','2023-04-23 20:33:27.907 +00:00');
INSERT INTO Comments VALUES(2,'Love breakfast food! Yummy!','jerry',4,2,'2023-04-23 20:33:40.404 +00:00','2023-04-23 20:33:40.404 +00:00');
INSERT INTO Comments VALUES(3,'How do you feel about chicken tacos?','jerry',4,6,'2023-04-23 20:34:02.575 +00:00','2023-04-23 20:34:02.575 +00:00');
INSERT INTO Comments VALUES(4,'Wow! That picture looks nothing like what I made!','logan',1,8,'2023-04-23 20:35:49.658 +00:00','2023-04-23 20:35:49.658 +00:00');
INSERT INTO Comments VALUES(5,'I personally feel like sunnyside up is the best','logan',1,4,'2023-04-23 20:36:03.453 +00:00','2023-04-23 20:36:03.453 +00:00');
INSERT INTO Comments VALUES(6,'Thanks @jerry!','logan',1,2,'2023-04-23 20:36:13.417 +00:00','2023-04-23 20:36:13.417 +00:00');
INSERT INTO Comments VALUES(7,'I prefer mine with sausage, but great sandwich!','manjesh',2,9,'2023-04-23 20:47:09.977 +00:00','2023-04-23 20:47:09.977 +00:00');
INSERT INTO Comments VALUES(8,'I personally don''t like your negativity!','manjesh',2,4,'2023-04-23 20:47:31.404 +00:00','2023-04-23 20:47:31.404 +00:00');
CREATE TABLE `Recipes` (`id` INTEGER PRIMARY KEY AUTOINCREMENT, `userid` INTEGER NOT NULL, `title` TEXT NOT NULL, `time` TEXT NOT NULL, `ingredients` TEXT NOT NULL, `steps` TEXT NOT NULL, `tags` TEXT, `description` TEXT, `image` TEXT, `createdAt` DATETIME NOT NULL, `updatedAt` DATETIME NOT NULL);
INSERT INTO Recipes VALUES(2,1,'Old-fashioned pancakes','00:20:00','flour:eggs:milk:butter:salt','combine dry ingredients:add eggs:add salt to taste:cook both sides to golden brown:serve with butter and syrup','Savory:Sweet','This pancake recipe produces thick, fluffy, and all-around delicious pancakes with just a few ingredients that are probably already in your kitchen (and it''s so much better than the boxed stuff)','4ba49385-bed2-43ce-9fb7-71c2bdedfd6e.jfif','2023-04-23 19:25:46.351 +00:00','2023-04-23 19:25:46.351 +00:00');
INSERT INTO Recipes VALUES(3,1,'Mocha Cookie Bars','00:20:00','espresso powder:strong brewed coffee:flour:baking soda:salt:sugar:butter:vanilla','preheat oven to 400 degrees:combine dry ingredients:slowly mix in wet ingredients:pour in stainless dish:bake for 15 minutes:let cooldown and then enjoy','Sweet:Chocolate','These chocolaty cookie bars are somewhat of a cross between a brownie and a cookie, with a flavor reminiscent of Mexican hot chocolate. They''re best if you err on the side of under- versus over-baking.','486d9e16-0b5f-4b38-821e-c7924dc61435.jfif','2023-04-23 19:29:07.521 +00:00','2023-04-23 19:29:07.521 +00:00');
INSERT INTO Recipes VALUES(4,2,'Scrambled Eggs','00:20:00','eggs:butter:salt:pepper:cheese','Crack two eggs in a bowl and whisk:Melt butter in pan:Pour whisked eggs into pan:Use spatula to stir until not runny','Breakfast:Eggs:Quick:Customizable','This recipe will show you how to make delicious and fluffy scrambled eggs. You can add cheese, herbs or vegetables to customize the flavor.','850f874c-ad1b-4e73-8ba5-e8e1fc55c313.jpg','2023-04-23 19:57:34.307 +00:00','2023-04-23 19:57:34.307 +00:00');
INSERT INTO Recipes VALUES(5,2,'Spaghetti','1:00:00','tomato:spaghetti:garlic cloves:onion:oil:salt:pepper','Boil a large pot of water and add speghetti:While spaghetti is cooking, heat oil in pan and add garlic cloves, onion, tomato:Cook until it looks good and drain the spaghetti:Add together and serve','Pasta:Italian:Vegetarian','It is a staple food of traditional Italian cuisine. Like other pasta, spaghetti is made of milled wheat, water, and sometimes enriched with vitamins and minerals.',NULL,'2023-04-23 20:02:10.290 +00:00','2023-04-23 20:02:10.290 +00:00');
INSERT INTO Recipes VALUES(6,3,'Beef Tacos','00:25:00','Ground Beef:Oil:Tortillas:Tomato Sauce ','Cook ground beef:Drain Grease:Add Tomato Sauce:Add Toppings','Beef:Cheese','These classic Ground Beef Tacos feature homemade taco meat loaded into freshly fried taco shells. Serve up with all your favorite toppings for an easy family meal that takes less than 30 minutes!','95f1eea9-4135-44d3-b3ac-2abd15dae717.jpg','2023-04-23 20:10:14.963 +00:00','2023-04-23 20:10:14.963 +00:00');
INSERT INTO Recipes VALUES(7,3,'Waffles','00:30:00','Flour:Eggs:Oil:Sugar:Baking Powder:Sugar:Vanilla','Combine dry ingredients:Add wet ingredients:Combine all:Grease cooker:Add toppings:Enjoy','Sweet:Yummy','This waffle recipe is the only one you''ll need to make homemade waffles with your waffle iron. Simple pantry ingredients mix up quickly in this easy batter that can be used right away or stored in the refrigerator for up to a week. Serve waffles hot with whipped cream and fresh fruit or with butter and maple syrup for either breakfast, brunch, or a snack.','672fcbf5-08d3-436e-97c9-f7b2a3ad4c93.jpg','2023-04-23 20:12:35.667 +00:00','2023-04-23 20:12:35.667 +00:00');
INSERT INTO Recipes VALUES(8,4,'Lemon Garlic Chicken','00:10:00','chicken breast:lemon:garlic:olive oil:salt','Marinade chicken with olive oil, lemon, garlic and salt:Heat pan over medium-high:Place chicken in pan and cook for 5 minutes on each side, or until golden:Season to taste','Easy:Dinner','This is a great weeknight dinner option. Marinating the chicken can be done on a weekend, making this meal a quick 10 minute feast!','6af7b09e-1395-4aec-aa0e-526cfd2793b5.jpg','2023-04-23 20:27:25.971 +00:00','2023-04-23 20:27:25.971 +00:00');
INSERT INTO Recipes VALUES(9,4,'Breakfast Sandwich','00:8:00','english muffin:egg:microwave bacon:butter:salt:pepper:cheese','Preheat pan over medium-high heat:Cook bacon in microwave for 1 minute:Start cooking english muffins:Once pan is heated, crack two eggs into the pan, cook for 2 minutes, then flip:Once english muffins finish, remove and butter both sides:Once cooked to desired doneness, remove from pan and place one on each english muffing:Break bacon in half, and place on one side.:Put cheese on the other side:Put the sandwich together and enjoy!','Eggs:Breakfast','Simple, quick, and easy! You''ll never want to go back to cereal or oatmeal again!','a4319044-9496-4150-92f6-a0c83b5e8167.jpg','2023-04-23 20:32:42.803 +00:00','2023-04-23 20:32:42.803 +00:00');
CREATE TABLE `Ratings` (`id` INTEGER PRIMARY KEY AUTOINCREMENT, `score` INTEGER NOT NULL, `userid` INTEGER NOT NULL, `recipeid` INTEGER NOT NULL, `createdAt` DATETIME NOT NULL, `updatedAt` DATETIME NOT NULL);
CREATE TABLE `Tags` (`id` INTEGER PRIMARY KEY AUTOINCREMENT, `name` TEXT NOT NULL UNIQUE, `tagcolor` INTEGER NOT NULL, `createdAt` DATETIME NOT NULL, `updatedAt` DATETIME NOT NULL);
INSERT INTO Tags VALUES(1,'Sweet',1234,'2023-04-23 19:23:10.095 +00:00','2023-04-23 19:23:10.095 +00:00');
INSERT INTO Tags VALUES(2,'Savory',1234,'2023-04-23 19:23:10.122 +00:00','2023-04-23 19:23:10.122 +00:00');
INSERT INTO Tags VALUES(3,'Chocolate',1234,'2023-04-23 19:29:07.612 +00:00','2023-04-23 19:29:07.612 +00:00');
INSERT INTO Tags VALUES(4,'Breakfast',1234,'2023-04-23 19:57:34.317 +00:00','2023-04-23 19:57:34.317 +00:00');
INSERT INTO Tags VALUES(5,'Eggs',1234,'2023-04-23 19:57:34.327 +00:00','2023-04-23 19:57:34.327 +00:00');
INSERT INTO Tags VALUES(6,'Quick',1234,'2023-04-23 19:57:34.337 +00:00','2023-04-23 19:57:34.337 +00:00');
INSERT INTO Tags VALUES(7,'Customizable',1234,'2023-04-23 19:57:34.346 +00:00','2023-04-23 19:57:34.346 +00:00');
INSERT INTO Tags VALUES(8,'Pasta',1234,'2023-04-23 20:02:10.300 +00:00','2023-04-23 20:02:10.300 +00:00');
INSERT INTO Tags VALUES(9,'Italian',1234,'2023-04-23 20:02:10.310 +00:00','2023-04-23 20:02:10.310 +00:00');
INSERT INTO Tags VALUES(10,'Vegetarian',1234,'2023-04-23 20:02:10.320 +00:00','2023-04-23 20:02:10.320 +00:00');
INSERT INTO Tags VALUES(11,'Beef',1234,'2023-04-23 20:10:14.981 +00:00','2023-04-23 20:10:14.981 +00:00');
INSERT INTO Tags VALUES(12,'Cheese',1234,'2023-04-23 20:10:14.997 +00:00','2023-04-23 20:10:14.997 +00:00');
INSERT INTO Tags VALUES(13,'Yummy',1234,'2023-04-23 20:12:35.689 +00:00','2023-04-23 20:12:35.689 +00:00');
INSERT INTO Tags VALUES(14,'Easy',1234,'2023-04-23 20:27:25.982 +00:00','2023-04-23 20:27:25.982 +00:00');
INSERT INTO Tags VALUES(15,'Dinner',1234,'2023-04-23 20:27:25.985 +00:00','2023-04-23 20:27:25.985 +00:00');
DELETE FROM sqlite_sequence;
INSERT INTO sqlite_sequence VALUES('users',4);
INSERT INTO sqlite_sequence VALUES('Cookbooks',4);
INSERT INTO sqlite_sequence VALUES('Recipes',9);
INSERT INTO sqlite_sequence VALUES('Tags',15);
INSERT INTO sqlite_sequence VALUES('Comments',8);
COMMIT;
